cylinders,displacement,horsepower,weight,acceleration,model_year,power_to_weight,displacement_per_cyl,log_weight,log_displacement,log_horsepower,weight_class_enc,era_enc,origin_2,origin_3,brand_enc,brand_buick,brand_chevrolet,brand_datsun,brand_dodge,brand_ford,brand_other,brand_plymouth,brand_pontiac,brand_toyota,brand_volkswagen,mpg
8,307.0,130.0,3504,12.0,70,0.037100456621004564,38.375,8.161660452056282,5.726847747587197,4.867534450455582,2,0,0,0,chevrolet,0,1,0,0,0,0,0,0,0,0,18.0
8,350.0,165.0,3693,11.5,70,0.04467912266450041,43.75,8.214194414852564,5.857933154483459,5.10594547390058,2,0,0,0,buick,1,0,0,0,0,0,0,0,0,0,15.0
8,318.0,150.0,3436,11.0,70,0.043655413271245634,39.75,8.142063283104147,5.762051382780177,5.0106352940962555,1,0,0,0,plymouth,0,0,0,0,0,0,1,0,0,0,18.0
8,304.0,150.0,3433,12.0,70,0.043693562481794346,38.0,8.141189793457691,5.717027701406222,5.0106352940962555,1,0,0,0,amc,0,0,0,0,0,0,0,0,0,0,16.0
8,302.0,140.0,3449,10.5,70,0.04059147579008408,37.75,8.145839612936841,5.71042701737487,4.941642422609304,1,0,0,0,ford,0,0,0,0,1,0,0,0,0,0,17.0
8,429.0,198.0,4341,10.0,70,0.04561161022805805,53.625,8.375860015299594,6.061456918928017,5.288267030694535,2,0,0,0,ford,0,0,0,0,1,0,0,0,0,0,15.0
8,454.0,220.0,4354,9.0,70,0.050528249885163065,56.75,8.378850241794492,6.118097198041348,5.393627546352362,2,0,0,0,chevrolet,0,1,0,0,0,0,0,0,0,0,14.0
8,440.0,215.0,4312,8.5,70,0.049860853432282005,55.0,8.369157112588834,6.0867747269123065,5.3706380281276624,2,0,0,0,plymouth,0,0,0,0,0,0,1,0,0,0,14.0
8,455.0,225.0,4425,10.0,70,0.05084745762711865,56.875,8.39502555744203,6.12029741895095,5.41610040220442,2,0,0,0,pontiac,0,0,0,0,0,0,0,1,0,0,14.0
8,390.0,190.0,3850,8.5,70,0.04935064935064935,48.75,8.25582842728183,5.966146739123692,5.247024072160486,2,0,0,0,amc,0,0,0,0,0,0,0,0,0,0,15.0
8,383.0,170.0,3563,10.0,70,0.04771260174010665,47.875,8.178358165605836,5.948034989180646,5.135798437050262,2,0,0,0,dodge,0,0,0,1,0,0,0,0,0,0,15.0
8,340.0,160.0,3609,8.0,70,0.04433361041839845,42.5,8.19118600464279,5.8289456176102075,5.075173815233827,2,0,0,0,plymouth,0,0,0,0,0,0,1,0,0,0,14.0
8,400.0,150.0,3761,9.5,70,0.03988300983780909,50.0,8.232440158470336,5.991464547107982,5.0106352940962555,2,0,0,0,chevrolet,0,1,0,0,0,0,0,0,0,0,15.0
8,455.0,225.0,3086,10.0,70,0.0729099157485418,56.875,8.034631032923107,6.12029741895095,5.41610040220442,1,0,0,0,buick,1,0,0,0,0,0,0,0,0,0,14.0
4,113.0,95.0,2372,15.0,70,0.04005059021922428,28.25,7.771488760117616,4.727387818712341,4.553876891600541,0,0,0,1,toyota,0,0,0,0,0,0,0,0,1,0,24.0
6,198.0,95.0,2833,15.5,70,0.03353335686551359,33.0,7.949091499830517,5.288267030694535,4.553876891600541,1,0,0,0,plymouth,0,0,0,0,0,0,1,0,0,0,22.0
6,199.0,97.0,2774,15.5,70,0.034967555875991346,33.166666666666664,7.928045600874777,5.293304824724492,4.574710978503383,1,0,0,0,amc,0,0,0,0,0,0,0,0,0,0,18.0
6,200.0,85.0,2587,16.0,70,0.032856590645535366,33.333333333333336,7.8582541821860294,5.298317366548036,4.442651256490317,1,0,0,0,ford,0,0,0,0,1,0,0,0,0,0,21.0
4,97.0,88.0,2130,14.5,70,0.04131455399061033,24.25,7.6638772587034705,4.574710978503383,4.477336814478207,0,0,0,1,datsun,0,0,1,0,0,0,0,0,0,0,27.0
4,97.0,46.0,1835,20.5,70,0.025068119891008173,24.25,7.51479976048867,4.574710978503383,3.828641396489095,0,0,1,0,volkswagen,0,0,0,0,0,0,0,0,0,1,26.0
4,110.0,87.0,2672,17.5,70,0.03255988023952096,27.5,7.890582534656536,4.700480365792417,4.465908118654584,1,0,1,0,other,0,0,0,0,0,1,0,0,0,0,25.0
4,107.0,90.0,2430,14.5,70,0.037037037037037035,26.75,7.795646536334594,4.672828834461906,4.499809670330265,0,0,1,0,other,0,0,0,0,0,1,0,0,0,0,24.0
4,104.0,95.0,2375,17.5,70,0.04,26.0,7.772752716468742,4.6443908991413725,4.553876891600541,0,0,1,0,other,0,0,0,0,0,1,0,0,0,0,25.0
4,121.0,113.0,2234,12.5,70,0.050581915846016116,30.25,7.711548979629146,4.795790545596741,4.727387818712341,0,0,1,0,other,0,0,0,0,0,1,0,0,0,0,26.0
6,199.0,90.0,2648,15.0,70,0.033987915407854986,33.166666666666664,7.881559917056899,5.293304824724492,4.499809670330265,1,0,0,0,amc,0,0,0,0,0,0,0,0,0,0,21.0
8,360.0,215.0,4615,14.0,70,0.04658721560130011,45.0,8.437067146936952,5.886104031450156,5.3706380281276624,3,0,0,0,ford,0,0,0,0,1,0,0,0,0,0,10.0
8,307.0,200.0,4376,15.0,70,0.04570383912248629,38.375,8.383890344101816,5.726847747587197,5.298317366548036,2,0,0,0,chevrolet,0,1,0,0,0,0,0,0,0,0,10.0
8,318.0,210.0,4382,13.5,70,0.04792332268370607,39.75,8.385260520155413,5.762051382780177,5.3471075307174685,2,0,0,0,dodge,0,0,0,1,0,0,0,0,0,0,11.0
8,304.0,193.0,4732,18.5,70,0.04078613693998309,38.0,8.462103225098277,5.717027701406222,5.262690188904886,3,0,0,0,other,0,0,0,0,0,1,0,0,0,0,9.0
4,97.0,88.0,2130,14.5,71,0.04131455399061033,24.25,7.6638772587034705,4.574710978503383,4.477336814478207,0,0,0,1,datsun,0,0,1,0,0,0,0,0,0,0,27.0
4,140.0,90.0,2264,15.5,71,0.03975265017667844,35.0,7.724888439323074,4.941642422609304,4.499809670330265,0,0,0,0,chevrolet,0,1,0,0,0,0,0,0,0,0,28.0
4,113.0,95.0,2228,14.0,71,0.042639138240574505,28.25,7.708859601047175,4.727387818712341,4.553876891600541,0,0,0,1,toyota,0,0,0,0,0,0,0,0,1,0,25.0
4,98.0,93.5,2046,19.0,71,0.0456989247311828,24.5,7.6236419465115715,4.584967478670572,4.537961436294641,0,0,0,0,ford,0,0,0,0,1,0,0,0,0,0,25.0
6,232.0,100.0,2634,13.0,71,0.037965072133637055,38.666666666666664,7.876258882303226,5.44673737166631,4.605170185988092,1,0,0,0,amc,0,0,0,0,0,0,0,0,0,0,19.0
6,225.0,105.0,3439,15.5,71,0.030532131433556268,37.5,8.142936010432265,5.41610040220442,4.653960350157523,1,0,0,0,plymouth,0,0,0,0,0,0,1,0,0,0,16.0
6,250.0,100.0,3329,15.5,71,0.030039050765995796,41.666666666666664,8.110427237575024,5.521460917862246,4.605170185988092,1,0,0,0,chevrolet,0,1,0,0,0,0,0,0,0,0,17.0
6,250.0,88.0,3302,15.5,71,0.026650514839491216,41.666666666666664,8.102283624480073,5.521460917862246,4.477336814478207,1,0,0,0,ford,0,0,0,0,1,0,0,0,0,0,19.0
6,232.0,100.0,3288,15.5,71,0.030413625304136254,38.666666666666664,8.098034756176071,5.44673737166631,4.605170185988092,1,0,0,0,amc,0,0,0,0,0,0,0,0,0,0,18.0
8,350.0,165.0,4209,12.0,71,0.039201710620099785,43.75,8.344980368770571,5.857933154483459,5.10594547390058,2,0,0,0,chevrolet,0,1,0,0,0,0,0,0,0,0,14.0
8,400.0,175.0,4464,11.5,71,0.03920250896057348,50.0,8.403800504061147,5.991464547107982,5.1647859739235145,2,0,0,0,pontiac,0,0,0,0,0,0,0,1,0,0,14.0
8,351.0,153.0,4154,13.5,71,0.03683196918632643,43.875,8.331827004436057,5.860786223465865,5.030437921392435,2,0,0,0,ford,0,0,0,0,1,0,0,0,0,0,14.0
8,318.0,150.0,4096,13.0,71,0.03662109375,39.75,8.317766166719343,5.762051382780177,5.0106352940962555,2,0,0,0,plymouth,0,0,0,0,0,0,1,0,0,0,14.0
8,383.0,180.0,4955,11.5,71,0.03632694248234107,47.875,8.508152446764088,5.948034989180646,5.19295685089021,3,0,0,0,dodge,0,0,0,1,0,0,0,0,0,0,12.0
8,400.0,170.0,4746,12.0,71,0.03581963758954909,50.0,8.465057436995709,5.991464547107982,5.135798437050262,3,0,0,0,ford,0,0,0,0,1,0,0,0,0,0,13.0
8,400.0,175.0,5140,12.0,71,0.03404669260700389,50.0,8.544808358449211,5.991464547107982,5.1647859739235145,3,0,0,0,pontiac,0,0,0,0,0,0,0,1,0,0,13.0
6,258.0,110.0,2962,13.5,71,0.03713706954760297,43.0,7.993619994827744,5.552959584921617,4.700480365792417,1,0,0,0,amc,0,0,0,0,0,0,0,0,0,0,18.0
4,140.0,72.0,2408,19.0,71,0.029900332225913623,35.0,7.786551806428712,4.941642422609304,4.276666119016055,0,0,0,0,chevrolet,0,1,0,0,0,0,0,0,0,0,22.0
6,250.0,100.0,3282,15.0,71,0.030469226081657527,41.666666666666664,8.096208271650037,5.521460917862246,4.605170185988092,1,0,0,0,pontiac,0,0,0,0,0,0,0,1,0,0,19.0
6,250.0,88.0,3139,14.5,71,0.028034405861739407,41.666666666666664,8.051659556841953,5.521460917862246,4.477336814478207,1,0,0,0,ford,0,0,0,0,1,0,0,0,0,0,18.0
4,122.0,86.0,2220,14.0,71,0.03873873873873874,30.5,7.705262474866325,4.804021044733257,4.454347296253507,0,0,0,0,other,0,0,0,0,0,1,0,0,0,0,23.0
4,116.0,90.0,2123,14.0,71,0.04239284032030146,29.0,7.660585461703256,4.7535901911063645,4.499809670330265,0,0,1,0,other,0,0,0,0,0,1,0,0,0,0,28.0
4,79.0,70.0,2074,19.5,71,0.033751205400192864,19.75,7.637234388789473,4.3694478524670215,4.248495242049359,0,0,1,0,other,0,0,0,0,0,1,0,0,0,0,30.0
4,88.0,76.0,2065,14.5,71,0.036803874092009685,22.0,7.632885505395133,4.477336814478207,4.330733340286331,0,0,1,0,other,0,0,0,0,0,1,0,0,0,0,30.0
4,71.0,65.0,1773,19.0,71,0.03666102650874224,17.75,7.480428306074208,4.2626798770413155,4.174387269895637,0,0,0,1,toyota,0,0,0,0,0,0,0,0,1,0,31.0
4,72.0,69.0,1613,18.0,71,0.04277743335399876,18.0,7.385851078125209,4.276666119016055,4.23410650459726,0,0,0,1,datsun,0,0,1,0,0,0,0,0,0,0,35.0
4,97.0,60.0,1834,19.0,71,0.03271537622682661,24.25,7.51425465281641,4.574710978503383,4.0943445622221,0,0,1,0,volkswagen,0,0,0,0,0,0,0,0,0,1,27.0
4,91.0,70.0,1955,20.5,71,0.03580562659846547,22.75,7.578145472419466,4.51085950651685,4.248495242049359,0,0,0,0,plymouth,0,0,0,0,0,0,1,0,0,0,26.0
4,113.0,95.0,2278,15.5,72,0.04170324846356453,28.25,7.731053144007127,4.727387818712341,4.553876891600541,0,0,0,1,toyota,0,0,0,0,0,0,0,0,1,0,24.0
4,97.5,80.0,2126,17.0,72,0.03762935089369708,24.375,7.661997558901893,4.579852378003801,4.382026634673881,0,0,0,0,dodge,0,0,0,1,0,0,0,0,0,0,25.0
4,97.0,54.0,2254,23.5,72,0.023957409050576754,24.25,7.720461694599722,4.574710978503383,3.9889840465642745,0,0,1,0,volkswagen,0,0,0,0,0,0,0,0,0,1,23.0
4,140.0,90.0,2408,19.5,72,0.03737541528239203,35.0,7.786551806428712,4.941642422609304,4.499809670330265,0,0,0,0,chevrolet,0,1,0,0,0,0,0,0,0,0,20.0
4,122.0,86.0,2226,16.5,72,0.03863432165318958,30.5,7.70796153183549,4.804021044733257,4.454347296253507,0,0,0,0,ford,0,0,0,0,1,0,0,0,0,0,21.0
8,350.0,165.0,4274,12.0,72,0.0386055217594759,43.75,8.360305435879093,5.857933154483459,5.10594547390058,2,0,0,0,chevrolet,0,1,0,0,0,0,0,0,0,0,13.0
8,400.0,175.0,4385,12.0,72,0.039908779931584946,50.0,8.385944904806284,5.991464547107982,5.1647859739235145,2,0,0,0,pontiac,0,0,0,0,0,0,0,1,0,0,14.0
8,318.0,150.0,4135,13.5,72,0.036275695284159616,39.75,8.327242607457793,5.762051382780177,5.0106352940962555,2,0,0,0,plymouth,0,0,0,0,0,0,1,0,0,0,15.0
8,351.0,153.0,4129,13.0,72,0.03705497699200775,43.875,8.32579052588609,5.860786223465865,5.030437921392435,2,0,0,0,ford,0,0,0,0,1,0,0,0,0,0,14.0
8,304.0,150.0,3672,11.5,72,0.04084967320261438,38.0,8.20849175174038,5.717027701406222,5.0106352940962555,2,0,0,0,amc,0,0,0,0,0,0,0,0,0,0,17.0
8,429.0,208.0,4633,11.0,72,0.044895316209799266,53.625,8.440959885416648,6.061456918928017,5.337538079701318,3,0,0,0,other,0,0,0,0,0,1,0,0,0,0,11.0
8,350.0,155.0,4502,13.5,72,0.03442914260328743,43.75,8.412277021466677,5.857933154483459,5.043425116919247,3,0,0,0,buick,1,0,0,0,0,0,0,0,0,0,13.0
8,350.0,160.0,4456,13.5,72,0.03590664272890485,43.75,8.40200678160712,5.857933154483459,5.075173815233827,2,0,0,0,other,0,0,0,0,0,1,0,0,0,0,12.0
8,400.0,190.0,4422,12.5,72,0.04296698326549073,50.0,8.394347361417392,5.991464547107982,5.247024072160486,2,0,0,0,other,0,0,0,0,0,1,0,0,0,0,13.0
3,70.0,97.0,2330,13.5,72,0.041630901287553645,23.333333333333332,7.753623546559746,4.248495242049359,4.574710978503383,0,0,0,1,other,0,0,0,0,0,1,0,0,0,0,19.0
8,304.0,150.0,3892,12.5,72,0.03854059609455293,38.0,8.266678443305896,5.717027701406222,5.0106352940962555,2,0,0,0,amc,0,0,0,0,0,0,0,0,0,0,15.0
8,307.0,130.0,4098,14.0,72,0.0317227916056613,38.375,8.318254328798846,5.726847747587197,4.867534450455582,2,0,0,0,chevrolet,0,1,0,0,0,0,0,0,0,0,13.0
8,302.0,140.0,4294,16.0,72,0.032603632976245925,37.75,8.364973978438726,5.71042701737487,4.941642422609304,2,0,0,0,ford,0,0,0,0,1,0,0,0,0,0,13.0
8,318.0,150.0,4077,14.0,72,0.03679175864606328,39.75,8.313116702819253,5.762051382780177,5.0106352940962555,2,0,0,0,plymouth,0,0,0,0,0,0,1,0,0,0,14.0
4,121.0,112.0,2933,14.5,72,0.03818615751789976,30.25,7.983781068977451,4.795790545596741,4.718498871295094,1,0,1,0,other,0,0,0,0,0,1,0,0,0,0,18.0
4,121.0,76.0,2511,18.0,72,0.030266825965750695,30.25,7.828436359157585,4.795790545596741,4.330733340286331,1,0,1,0,volkswagen,0,0,0,0,0,0,0,0,0,1,22.0
4,120.0,87.0,2979,19.5,72,0.02920443101711984,30.0,7.999342952713282,4.787491742782046,4.465908118654584,1,0,1,0,other,0,0,0,0,0,1,0,0,0,0,21.0
4,96.0,69.0,2189,18.0,72,0.031521242576518956,24.0,7.691200097522863,4.564348191467836,4.23410650459726,0,0,1,0,other,0,0,0,0,0,1,0,0,0,0,26.0
4,122.0,86.0,2395,16.0,72,0.03590814196242171,30.5,7.781138509845015,4.804021044733257,4.454347296253507,0,0,0,0,ford,0,0,0,0,1,0,0,0,0,0,22.0
4,97.0,92.0,2288,17.0,72,0.04020979020979021,24.25,7.7354333524996886,4.574710978503383,4.5217885770490405,0,0,0,1,datsun,0,0,1,0,0,0,0,0,0,0,28.0
4,120.0,97.0,2506,14.5,72,0.038707102952913006,30.0,7.826443135456014,4.787491742782046,4.574710978503383,1,0,0,1,toyota,0,0,0,0,0,0,0,0,1,0,23.0
4,98.0,80.0,2164,15.0,72,0.036968576709796676,24.5,7.679713639966372,4.584967478670572,4.382026634673881,0,0,0,0,dodge,0,0,0,1,0,0,0,0,0,0,28.0
4,97.0,88.0,2100,16.5,72,0.0419047619047619,24.25,7.649692623711514,4.574710978503383,4.477336814478207,0,0,0,1,toyota,0,0,0,0,0,0,0,0,1,0,27.0
8,350.0,175.0,4100,13.0,73,0.042682926829268296,43.75,8.318742252692399,5.857933154483459,5.1647859739235145,2,0,0,0,buick,1,0,0,0,0,0,0,0,0,0,13.0
8,304.0,150.0,3672,11.5,73,0.04084967320261438,38.0,8.20849175174038,5.717027701406222,5.0106352940962555,2,0,0,0,amc,0,0,0,0,0,0,0,0,0,0,14.0
8,350.0,145.0,3988,13.0,73,0.03635907723169508,43.75,8.291045131081729,5.857933154483459,4.976733742420574,2,0,0,0,chevrolet,0,1,0,0,0,0,0,0,0,0,13.0
8,302.0,137.0,4042,14.5,73,0.0338941118258288,37.75,8.304494897963567,5.71042701737487,4.919980925828125,2,0,0,0,ford,0,0,0,0,1,0,0,0,0,0,14.0
8,318.0,150.0,3777,12.5,73,0.03971405877680699,39.75,8.236685322712457,5.762051382780177,5.0106352940962555,2,0,0,0,dodge,0,0,0,1,0,0,0,0,0,0,15.0
8,429.0,198.0,4952,11.5,73,0.03998384491114701,53.625,8.507546814364431,6.061456918928017,5.288267030694535,3,0,0,0,other,0,0,0,0,0,1,0,0,0,0,12.0
8,400.0,150.0,4464,12.0,73,0.033602150537634407,50.0,8.403800504061147,5.991464547107982,5.0106352940962555,2,0,0,0,chevrolet,0,1,0,0,0,0,0,0,0,0,13.0
8,351.0,158.0,4363,13.0,73,0.03621361448544579,43.875,8.38091517312361,5.860786223465865,5.062595033026967,2,0,0,0,ford,0,0,0,0,1,0,0,0,0,0,13.0
8,318.0,150.0,4237,14.5,73,0.03540240736370073,39.75,8.351610750626559,5.762051382780177,5.0106352940962555,2,0,0,0,plymouth,0,0,0,0,0,0,1,0,0,0,14.0
8,440.0,215.0,4735,11.0,73,0.0454065469904963,55.0,8.462737005620179,6.0867747269123065,5.3706380281276624,3,0,0,0,other,0,0,0,0,0,1,0,0,0,0,13.0
8,455.0,225.0,4951,11.0,73,0.045445364572813576,56.875,8.507344855361422,6.12029741895095,5.41610040220442,3,0,0,0,buick,1,0,0,0,0,0,0,0,0,0,12.0
8,360.0,175.0,3821,11.0,73,0.04579952891913112,45.0,8.2482674474469,5.886104031450156,5.1647859739235145,2,0,0,0,amc,0,0,0,0,0,0,0,0,0,0,13.0
6,225.0,105.0,3121,16.5,73,0.03364306312079462,37.5,8.045908742270779,5.41610040220442,4.653960350157523,1,0,0,0,plymouth,0,0,0,0,0,0,1,0,0,0,18.0
6,250.0,100.0,3278,18.0,73,0.03050640634533252,41.666666666666664,8.094988759303774,5.521460917862246,4.605170185988092,1,0,0,0,chevrolet,0,1,0,0,0,0,0,0,0,0,16.0
6,232.0,100.0,2945,16.0,73,0.03395585738539898,38.666666666666664,7.987864096085687,5.44673737166631,4.605170185988092,1,0,0,0,amc,0,0,0,0,0,0,0,0,0,0,18.0
6,250.0,88.0,3021,16.5,73,0.029129427341939754,41.666666666666664,8.013343181386672,5.521460917862246,4.477336814478207,1,0,0,0,ford,0,0,0,0,1,0,0,0,0,0,18.0
6,198.0,95.0,2904,16.0,73,0.03271349862258953,33.0,7.973844375944687,5.288267030694535,4.553876891600541,1,0,0,0,plymouth,0,0,0,0,0,0,1,0,0,0,23.0
4,97.0,46.0,1950,21.0,73,0.02358974358974359,24.25,7.575584651557793,4.574710978503383,3.828641396489095,0,0,1,0,volkswagen,0,0,0,0,0,0,0,0,0,1,26.0
8,400.0,150.0,4997,14.0,73,0.03001801080648389,50.0,8.516593011344206,5.991464547107982,5.0106352940962555,3,0,0,0,chevrolet,0,1,0,0,0,0,0,0,0,0,11.0
8,400.0,167.0,4906,12.5,73,0.03403995108030983,50.0,8.498214224818435,5.991464547107982,5.117993812416755,3,0,0,0,ford,0,0,0,0,1,0,0,0,0,0,12.0
8,360.0,170.0,4654,13.0,73,0.0365277180919639,45.0,8.445482343862237,5.886104031450156,5.135798437050262,3,0,0,0,plymouth,0,0,0,0,0,0,1,0,0,0,13.0
8,350.0,180.0,4499,12.5,73,0.04000889086463658,43.75,8.411610428841172,5.857933154483459,5.19295685089021,2,0,0,0,other,0,0,0,0,0,1,0,0,0,0,12.0
6,232.0,100.0,2789,15.0,73,0.035855145213338116,38.666666666666664,7.933438387627489,5.44673737166631,4.605170185988092,1,0,0,0,amc,0,0,0,0,0,0,0,0,0,0,18.0
4,97.0,88.0,2279,19.0,73,0.03861342694164107,24.25,7.731492029245684,4.574710978503383,4.477336814478207,0,0,0,1,toyota,0,0,0,0,0,0,0,0,1,0,20.0
4,140.0,72.0,2401,19.5,73,0.029987505206164097,35.0,7.783640596221253,4.941642422609304,4.276666119016055,0,0,0,0,chevrolet,0,1,0,0,0,0,0,0,0,0,21.0
4,108.0,94.0,2379,16.5,73,0.039512400168137875,27.0,7.774435510302958,4.68213122712422,4.543294782270004,0,0,0,1,datsun,0,0,1,0,0,0,0,0,0,0,22.0
3,70.0,90.0,2124,13.5,73,0.0423728813559322,23.333333333333332,7.66105638236183,4.248495242049359,4.499809670330265,0,0,0,1,other,0,0,0,0,0,1,0,0,0,0,18.0
4,122.0,85.0,2310,18.5,73,0.0367965367965368,30.5,7.745002803515839,4.804021044733257,4.442651256490317,0,0,0,0,ford,0,0,0,0,1,0,0,0,0,0,19.0
6,155.0,107.0,2472,14.0,73,0.043284789644012944,25.833333333333332,7.812782818577581,5.043425116919247,4.672828834461906,0,0,0,0,other,0,0,0,0,0,1,0,0,0,0,21.0
4,98.0,90.0,2265,15.5,73,0.039735099337748346,24.5,7.725330037917135,4.584967478670572,4.499809670330265,0,0,1,0,other,0,0,0,0,0,1,0,0,0,0,26.0
8,350.0,145.0,4082,13.0,73,0.035521803037726604,43.75,8.31434234336979,5.857933154483459,4.976733742420574,2,0,0,0,chevrolet,0,1,0,0,0,0,0,0,0,0,15.0
8,400.0,230.0,4278,9.5,73,0.053763440860215055,50.0,8.361240889642351,5.991464547107982,5.438079308923196,2,0,0,0,pontiac,0,0,0,0,0,0,0,1,0,0,16.0
4,68.0,49.0,1867,19.5,73,0.026245313336904125,17.0,7.532088143541722,4.219507705176107,3.8918202981106265,0,0,1,0,other,0,0,0,0,0,1,0,0,0,0,29.0
4,116.0,75.0,2158,15.5,73,0.03475440222428174,29.0,7.67693714581808,4.7535901911063645,4.31748811353631,0,0,1,0,other,0,0,0,0,0,1,0,0,0,0,24.0
4,114.0,91.0,2582,14.0,73,0.03524399690162665,28.5,7.856319571406588,4.736198448394496,4.51085950651685,1,0,1,0,other,0,0,0,0,0,1,0,0,0,0,20.0
4,121.0,112.0,2868,15.5,73,0.03905160390516039,30.25,7.961370201719511,4.795790545596741,4.718498871295094,1,0,1,0,other,0,0,0,0,0,1,0,0,0,0,19.0
8,318.0,150.0,3399,11.0,73,0.0441306266548985,39.75,8.131236549696116,5.762051382780177,5.0106352940962555,1,0,0,0,dodge,0,0,0,1,0,0,0,0,0,0,15.0
4,121.0,110.0,2660,14.0,73,0.041353383458646614,30.25,7.886081401775745,4.795790545596741,4.700480365792417,1,0,1,0,other,0,0,0,0,0,1,0,0,0,0,24.0
6,156.0,122.0,2807,13.5,73,0.04346277164232276,26.0,7.939871576361883,5.049856007249537,4.804021044733257,1,0,0,1,toyota,0,0,0,0,0,0,0,0,1,0,20.0
8,350.0,180.0,3664,11.0,73,0.04912663755458515,43.75,8.20631072579402,5.857933154483459,5.19295685089021,2,0,0,0,other,0,0,0,0,0,1,0,0,0,0,11.0
6,198.0,95.0,3102,16.5,74,0.030625402965828497,33.0,8.039802343736485,5.288267030694535,4.553876891600541,1,1,0,0,plymouth,0,0,0,0,0,0,1,0,0,0,20.0
6,200.0,93.5,2875,17.0,74,0.03252173913043478,33.333333333333336,7.963807953231451,5.298317366548036,4.537961436294641,1,1,0,0,ford,0,0,0,0,1,0,0,0,0,0,21.0
6,232.0,100.0,2901,16.0,74,0.03447087211306446,38.666666666666664,7.972810784121404,5.44673737166631,4.605170185988092,1,1,0,0,amc,0,0,0,0,0,0,0,0,0,0,19.0
6,250.0,100.0,3336,17.0,74,0.02997601918465228,41.666666666666664,8.112527763478637,5.521460917862246,4.605170185988092,1,1,0,0,chevrolet,0,1,0,0,0,0,0,0,0,0,15.0
4,79.0,67.0,1950,19.0,74,0.03435897435897436,19.75,7.575584651557793,4.3694478524670215,4.204692619390966,0,1,0,1,datsun,0,0,1,0,0,0,0,0,0,0,31.0
4,122.0,80.0,2451,16.5,74,0.032639738882088945,30.5,7.804251383528112,4.804021044733257,4.382026634673881,0,1,0,0,ford,0,0,0,0,1,0,0,0,0,0,26.0
4,71.0,65.0,1836,21.0,74,0.03540305010893246,17.75,7.515344571180436,4.2626798770413155,4.174387269895637,0,1,0,1,toyota,0,0,0,0,0,0,0,0,1,0,32.0
4,140.0,75.0,2542,17.0,74,0.029504327301337528,35.0,7.8407064517494,4.941642422609304,4.31748811353631,1,1,0,0,chevrolet,0,1,0,0,0,0,0,0,0,0,25.0
6,250.0,100.0,3781,17.0,74,0.026448029621793177,41.666666666666664,8.237743803890933,5.521460917862246,4.605170185988092,2,1,0,0,chevrolet,0,1,0,0,0,0,0,0,0,0,16.0
6,258.0,110.0,3632,18.0,74,0.0302863436123348,43.0,8.197538739721184,5.552959584921617,4.700480365792417,2,1,0,0,amc,0,0,0,0,0,0,0,0,0,0,16.0
6,225.0,105.0,3613,16.5,74,0.029061721561029614,37.5,8.19229373114764,5.41610040220442,4.653960350157523,2,1,0,0,plymouth,0,0,0,0,0,0,1,0,0,0,18.0
8,302.0,140.0,4141,14.0,74,0.03380825887466796,37.75,8.328692583545568,5.71042701737487,4.941642422609304,2,1,0,0,ford,0,0,0,0,1,0,0,0,0,0,16.0
8,350.0,150.0,4699,14.5,74,0.03192168546499255,43.75,8.455104999102815,5.857933154483459,5.0106352940962555,3,1,0,0,buick,1,0,0,0,0,0,0,0,0,0,13.0
8,318.0,150.0,4457,13.5,74,0.03365492483733453,39.75,8.402231172946555,5.762051382780177,5.0106352940962555,2,1,0,0,dodge,0,0,0,1,0,0,0,0,0,0,14.0
8,302.0,140.0,4638,16.0,74,0.030185424752048298,37.75,8.442038517815478,5.71042701737487,4.941642422609304,3,1,0,0,ford,0,0,0,0,1,0,0,0,0,0,14.0
8,304.0,150.0,4257,15.5,74,0.035236081747709654,38.0,8.356319965828153,5.717027701406222,5.0106352940962555,2,1,0,0,amc,0,0,0,0,0,0,0,0,0,0,14.0
4,98.0,83.0,2219,16.5,74,0.03740423614240649,24.5,7.704811922932594,4.584967478670572,4.418840607796598,0,1,1,0,other,0,0,0,0,0,1,0,0,0,0,29.0
4,79.0,67.0,1963,15.5,74,0.03413143148242486,19.75,7.5822291942764615,4.3694478524670215,4.204692619390966,0,1,1,0,volkswagen,0,0,0,0,0,0,0,0,0,1,26.0
4,97.0,78.0,2300,14.5,74,0.03391304347826087,24.25,7.7406644019172415,4.574710978503383,4.356708826689592,0,1,1,0,other,0,0,0,0,0,1,0,0,0,0,26.0
4,76.0,52.0,1649,16.5,74,0.031534263189812006,19.0,7.407924322559599,4.330733340286331,3.9512437185814275,0,1,0,1,toyota,0,0,0,0,0,0,0,0,1,0,31.0
4,83.0,61.0,2003,19.0,74,0.030454318522216674,20.75,7.602401335665818,4.418840607796598,4.110873864173311,0,1,0,1,datsun,0,0,1,0,0,0,0,0,0,0,32.0
4,90.0,75.0,2125,14.5,74,0.03529411764705882,22.5,7.661527081358517,4.499809670330265,4.31748811353631,0,1,0,0,dodge,0,0,0,1,0,0,0,0,0,0,28.0
4,90.0,75.0,2108,15.5,74,0.03557874762808349,22.5,7.653494909661253,4.499809670330265,4.31748811353631,0,1,1,0,other,0,0,0,0,0,1,0,0,0,0,24.0
4,116.0,75.0,2246,14.0,74,0.033392698130008905,29.0,7.716906135298388,4.7535901911063645,4.31748811353631,0,1,1,0,other,0,0,0,0,0,1,0,0,0,0,26.0
4,120.0,97.0,2489,15.0,74,0.038971474487746086,30.0,7.819636302367592,4.787491742782046,4.574710978503383,0,1,0,1,other,0,0,0,0,0,1,0,0,0,0,24.0
4,108.0,93.0,2391,15.5,74,0.03889585947302384,27.0,7.779466967458324,4.68213122712422,4.532599493153256,0,1,0,1,other,0,0,0,0,0,1,0,0,0,0,26.0
4,79.0,67.0,2000,16.0,74,0.0335,19.75,7.600902459542082,4.3694478524670215,4.204692619390966,0,1,1,0,other,0,0,0,0,0,1,0,0,0,0,31.0
6,225.0,95.0,3264,16.0,75,0.029105392156862746,37.5,8.090708716083997,5.41610040220442,4.553876891600541,1,1,0,0,plymouth,0,0,0,0,0,0,1,0,0,0,19.0
6,250.0,105.0,3459,16.0,75,0.030355594102341718,41.666666666666664,8.148734808937169,5.521460917862246,4.653960350157523,1,1,0,0,chevrolet,0,1,0,0,0,0,0,0,0,0,18.0
6,250.0,72.0,3432,21.0,75,0.02097902097902098,41.666666666666664,8.140898460607852,5.521460917862246,4.276666119016055,1,1,0,0,other,0,0,0,0,0,1,0,0,0,0,15.0
6,250.0,72.0,3158,19.5,75,0.022799240025332488,41.666666666666664,8.057694194815587,5.521460917862246,4.276666119016055,1,1,0,0,ford,0,0,0,0,1,0,0,0,0,0,15.0
8,400.0,170.0,4668,11.5,75,0.03641816623821765,50.0,8.448485993406447,5.991464547107982,5.135798437050262,3,1,0,0,pontiac,0,0,0,0,0,0,0,1,0,0,16.0
8,350.0,145.0,4440,14.0,75,0.03265765765765766,43.75,8.39840965542627,5.857933154483459,4.976733742420574,2,1,0,0,chevrolet,0,1,0,0,0,0,0,0,0,0,15.0
8,318.0,150.0,4498,14.5,75,0.03334815473543797,39.75,8.411388132519262,5.762051382780177,5.0106352940962555,2,1,0,0,plymouth,0,0,0,0,0,0,1,0,0,0,16.0
8,351.0,148.0,4657,13.5,75,0.031780115954477134,43.875,8.446126742982377,5.860786223465865,4.997212273764115,3,1,0,0,ford,0,0,0,0,1,0,0,0,0,0,14.0
6,231.0,110.0,3907,21.0,75,0.028154594317890965,38.5,8.27052509505507,5.442417710521793,4.700480365792417,2,1,0,0,buick,1,0,0,0,0,0,0,0,0,0,17.0
6,250.0,105.0,3897,18.5,75,0.026943802925327175,41.666666666666664,8.26796230533871,5.521460917862246,4.653960350157523,2,1,0,0,chevrolet,0,1,0,0,0,0,0,0,0,0,16.0
6,258.0,110.0,3730,19.0,75,0.029490616621983913,43.0,8.224163512637862,5.552959584921617,4.700480365792417,2,1,0,0,amc,0,0,0,0,0,0,0,0,0,0,15.0
6,225.0,95.0,3785,19.0,75,0.02509907529722589,37.5,8.23880116587155,5.41610040220442,4.553876891600541,2,1,0,0,plymouth,0,0,0,0,0,0,1,0,0,0,18.0
6,231.0,110.0,3039,15.0,75,0.0361961171437973,38.5,8.019283792916793,5.442417710521793,4.700480365792417,1,1,0,0,buick,1,0,0,0,0,0,0,0,0,0,21.0
8,262.0,110.0,3221,13.5,75,0.034150884818379384,32.75,8.0774471493312,5.568344503761097,4.700480365792417,1,1,0,0,chevrolet,0,1,0,0,0,0,0,0,0,0,20.0
8,302.0,129.0,3169,12.0,75,0.04070684758598927,37.75,8.06117135969092,5.71042701737487,4.859812404361672,1,1,0,0,ford,0,0,0,0,1,0,0,0,0,0,13.0
4,97.0,75.0,2171,16.0,75,0.03454629203132197,24.25,7.682943169878292,4.574710978503383,4.31748811353631,0,1,0,1,toyota,0,0,0,0,0,0,0,0,1,0,29.0
4,140.0,83.0,2639,17.0,75,0.03145130731337628,35.0,7.878155336503324,4.941642422609304,4.418840607796598,1,1,0,0,ford,0,0,0,0,1,0,0,0,0,0,23.0
6,232.0,100.0,2914,16.0,75,0.03431708991077557,38.666666666666664,7.97728198675515,5.44673737166631,4.605170185988092,1,1,0,0,amc,0,0,0,0,0,0,0,0,0,0,20.0
4,140.0,78.0,2592,18.5,75,0.03009259259259259,35.0,7.860185057472165,4.941642422609304,4.356708826689592,1,1,0,0,pontiac,0,0,0,0,0,0,0,1,0,0,23.0
4,134.0,96.0,2702,13.5,75,0.03552923760177646,33.5,7.9017475185201445,4.897839799950911,4.564348191467836,1,1,0,1,toyota,0,0,0,0,0,0,0,0,1,0,24.0
4,90.0,71.0,2223,16.5,75,0.031938821412505626,22.5,7.706612913964197,4.499809670330265,4.2626798770413155,0,1,1,0,volkswagen,0,0,0,0,0,0,0,0,0,1,25.0
4,119.0,97.0,2545,17.0,75,0.0381139489194499,29.75,7.841885928984623,4.77912349311153,4.574710978503383,1,1,0,1,datsun,0,0,1,0,0,0,0,0,0,0,24.0
6,171.0,97.0,2984,14.5,75,0.032506702412868634,28.5,8.001019961323651,5.14166355650266,4.574710978503383,1,1,0,0,ford,0,0,0,0,1,0,0,0,0,0,18.0
4,90.0,70.0,1937,14.0,75,0.036138358286009295,22.5,7.5688956634069955,4.499809670330265,4.248495242049359,0,1,1,0,volkswagen,0,0,0,0,0,0,0,0,0,1,29.0
6,232.0,90.0,3211,17.0,75,0.02802865151043289,38.666666666666664,8.074337694089515,5.44673737166631,4.499809670330265,1,1,0,0,amc,0,0,0,0,0,0,0,0,0,0,19.0
4,115.0,95.0,2694,15.0,75,0.03526354862657758,28.75,7.898782356970309,4.74493212836325,4.553876891600541,1,1,1,0,other,0,0,0,0,0,1,0,0,0,0,23.0
4,120.0,88.0,2957,17.0,75,0.029759891782211702,30.0,7.9919305198524775,4.787491742782046,4.477336814478207,1,1,1,0,other,0,0,0,0,0,1,0,0,0,0,23.0
4,121.0,98.0,2945,14.5,75,0.033276740237691005,30.25,7.987864096085687,4.795790545596741,4.584967478670572,1,1,1,0,other,0,0,0,0,0,1,0,0,0,0,22.0
4,121.0,115.0,2671,13.5,75,0.0430550355672033,30.25,7.890208213109961,4.795790545596741,4.74493212836325,1,1,1,0,other,0,0,0,0,0,1,0,0,0,0,25.0
4,91.0,53.0,1795,17.5,75,0.029526462395543174,22.75,7.492760300922379,4.51085950651685,3.970291913552122,0,1,0,1,other,0,0,0,0,0,1,0,0,0,0,33.0
4,107.0,86.0,2464,15.5,76,0.0349025974025974,26.75,7.80954132465341,4.672828834461906,4.454347296253507,0,1,1,0,other,0,0,0,0,0,1,0,0,0,0,28.0
4,116.0,81.0,2220,16.9,76,0.03648648648648649,29.0,7.705262474866325,4.7535901911063645,4.394449154672439,0,1,1,0,other,0,0,0,0,0,1,0,0,0,0,25.0
4,140.0,92.0,2572,14.9,76,0.03576982892690513,35.0,7.85243908535751,4.941642422609304,4.5217885770490405,1,1,0,0,other,0,0,0,0,0,1,0,0,0,0,25.0
4,98.0,79.0,2255,17.7,76,0.03503325942350333,24.5,7.720905251936779,4.584967478670572,4.3694478524670215,0,1,0,0,dodge,0,0,0,1,0,0,0,0,0,0,26.0
4,101.0,83.0,2202,15.3,76,0.037693006357856496,25.25,7.697121317282625,4.61512051684126,4.418840607796598,0,1,1,0,other,0,0,0,0,0,1,0,0,0,0,27.0
8,305.0,140.0,4215,13.0,76,0.033214709371293,38.125,8.346404870435956,5.720311776607412,4.941642422609304,2,1,0,0,chevrolet,0,1,0,0,0,0,0,0,0,0,17.5
8,318.0,150.0,4190,13.0,76,0.03579952267303103,39.75,8.340456012916183,5.762051382780177,5.0106352940962555,2,1,0,0,dodge,0,0,0,1,0,0,0,0,0,0,16.0
8,304.0,120.0,3962,13.9,76,0.03028773346794548,38.0,8.284504227258497,5.717027701406222,4.787491742782046,2,1,0,0,amc,0,0,0,0,0,0,0,0,0,0,15.5
8,351.0,152.0,4215,12.8,76,0.03606168446026097,43.875,8.346404870435956,5.860786223465865,5.0238805208462765,2,1,0,0,ford,0,0,0,0,1,0,0,0,0,0,14.5
6,225.0,100.0,3233,15.4,76,0.03093102381688834,37.5,8.081165777725433,5.41610040220442,4.605170185988092,1,1,0,0,plymouth,0,0,0,0,0,0,1,0,0,0,22.0
6,250.0,105.0,3353,14.5,76,0.031315240083507306,41.666666666666664,8.117610746466228,5.521460917862246,4.653960350157523,1,1,0,0,chevrolet,0,1,0,0,0,0,0,0,0,0,22.0
6,200.0,81.0,3012,17.6,76,0.026892430278884463,33.333333333333336,8.010359588919783,5.298317366548036,4.394449154672439,1,1,0,0,ford,0,0,0,0,1,0,0,0,0,0,24.0
6,232.0,90.0,3085,17.6,76,0.029173419773095625,38.666666666666664,8.034306936339489,5.44673737166631,4.499809670330265,1,1,0,0,amc,0,0,0,0,0,0,0,0,0,0,22.5
4,85.0,52.0,2035,22.2,76,0.025552825552825554,21.25,7.618251097876695,4.442651256490317,3.9512437185814275,0,1,0,0,chevrolet,0,1,0,0,0,0,0,0,0,0,29.0
4,98.0,60.0,2164,22.1,76,0.027726432532347505,24.5,7.679713639966372,4.584967478670572,4.0943445622221,0,1,0,0,chevrolet,0,1,0,0,0,0,0,0,0,0,24.5
4,90.0,70.0,1937,14.2,76,0.036138358286009295,22.5,7.5688956634069955,4.499809670330265,4.248495242049359,0,1,1,0,volkswagen,0,0,0,0,0,0,0,0,0,1,29.0
4,91.0,53.0,1795,17.4,76,0.029526462395543174,22.75,7.492760300922379,4.51085950651685,3.970291913552122,0,1,0,1,other,0,0,0,0,0,1,0,0,0,0,33.0
6,225.0,100.0,3651,17.7,76,0.027389756231169543,37.5,8.202756381655638,5.41610040220442,4.605170185988092,2,1,0,0,dodge,0,0,0,1,0,0,0,0,0,0,20.0
6,250.0,78.0,3574,21.0,76,0.02182428651371013,41.666666666666664,8.181440695719374,5.521460917862246,4.356708826689592,2,1,0,0,ford,0,0,0,0,1,0,0,0,0,0,18.0
6,250.0,110.0,3645,16.2,76,0.03017832647462277,41.666666666666664,8.201111644442758,5.521460917862246,4.700480365792417,2,1,0,0,pontiac,0,0,0,0,0,0,0,1,0,0,18.5
6,258.0,95.0,3193,17.8,76,0.029752583777012214,43.0,8.068716192714781,5.552959584921617,4.553876891600541,1,1,0,0,amc,0,0,0,0,0,0,0,0,0,0,17.5
4,97.0,71.0,1825,12.2,76,0.03890410958904109,24.25,7.509335266016592,4.574710978503383,4.2626798770413155,0,1,1,0,volkswagen,0,0,0,0,0,0,0,0,0,1,29.5
4,85.0,70.0,1990,17.0,76,0.035175879396984924,21.25,7.595889917718538,4.442651256490317,4.248495242049359,0,1,0,1,datsun,0,0,1,0,0,0,0,0,0,0,32.0
4,97.0,75.0,2155,16.4,76,0.03480278422273782,24.25,7.675546002537848,4.574710978503383,4.31748811353631,0,1,0,1,toyota,0,0,0,0,0,0,0,0,1,0,28.0
4,140.0,72.0,2565,13.6,76,0.028070175438596492,35.0,7.84971375760487,4.941642422609304,4.276666119016055,1,1,0,0,ford,0,0,0,0,1,0,0,0,0,0,26.5
4,130.0,102.0,3150,15.7,76,0.03238095238095238,32.5,8.055157731819678,4.867534450455582,4.624972813284271,1,1,1,0,other,0,0,0,0,0,1,0,0,0,0,20.0
8,318.0,150.0,3940,13.2,76,0.03807106598984772,39.75,8.27893600229198,5.762051382780177,5.0106352940962555,2,1,0,0,plymouth,0,0,0,0,0,0,1,0,0,0,13.0
4,120.0,88.0,3270,21.9,76,0.02691131498470948,30.0,8.0925452638913,4.787491742782046,4.477336814478207,1,1,1,0,other,0,0,0,0,0,1,0,0,0,0,19.0
6,156.0,108.0,2930,15.5,76,0.03686006825938567,26.0,7.982757702011113,5.049856007249537,4.68213122712422,1,1,0,1,toyota,0,0,0,0,0,0,0,0,1,0,19.0
6,168.0,120.0,3820,16.7,76,0.031413612565445025,28.0,8.24800570160062,5.123963979403259,4.787491742782046,2,1,1,0,other,0,0,0,0,0,1,0,0,0,0,16.5
8,350.0,180.0,4380,12.1,76,0.0410958904109589,43.75,8.384804003370492,5.857933154483459,5.19295685089021,2,1,0,0,other,0,0,0,0,0,1,0,0,0,0,16.5
8,350.0,145.0,4055,12.0,76,0.035758323057953144,43.75,8.307705966549513,5.857933154483459,4.976733742420574,2,1,0,0,chevrolet,0,1,0,0,0,0,0,0,0,0,13.0
8,302.0,130.0,3870,15.0,76,0.03359173126614987,37.75,8.261009786023827,5.71042701737487,4.867534450455582,2,1,0,0,ford,0,0,0,0,1,0,0,0,0,0,13.0
8,318.0,150.0,3755,14.0,76,0.03994673768308921,39.75,8.230843564198235,5.762051382780177,5.0106352940962555,2,1,0,0,dodge,0,0,0,1,0,0,0,0,0,0,13.0
4,98.0,68.0,2045,18.5,77,0.033251833740831294,24.5,7.623153068476902,4.584967478670572,4.219507705176107,0,1,0,1,other,0,0,0,0,0,1,0,0,0,0,31.5
4,111.0,80.0,2155,14.8,77,0.037122969837587005,27.75,7.675546002537848,4.709530201312334,4.382026634673881,0,1,0,0,buick,1,0,0,0,0,0,0,0,0,0,30.0
4,79.0,58.0,1825,18.6,77,0.03178082191780822,19.75,7.509335266016592,4.3694478524670215,4.060443010546419,0,1,1,0,other,0,0,0,0,0,1,0,0,0,0,36.0
4,122.0,96.0,2300,15.5,77,0.04173913043478261,30.5,7.7406644019172415,4.804021044733257,4.564348191467836,0,1,0,0,plymouth,0,0,0,0,0,0,1,0,0,0,25.5
4,85.0,70.0,1945,16.8,77,0.03598971722365039,21.25,7.573017256052546,4.442651256490317,4.248495242049359,0,1,0,1,datsun,0,0,1,0,0,0,0,0,0,0,33.5
8,305.0,145.0,3880,12.5,77,0.037371134020618556,38.125,8.263590432617319,5.720311776607412,4.976733742420574,2,1,0,0,chevrolet,0,1,0,0,0,0,0,0,0,0,17.5
8,260.0,110.0,4060,19.0,77,0.027093596059113302,32.5,8.308938252595778,5.560681631015528,4.700480365792417,2,1,0,0,other,0,0,0,0,0,1,0,0,0,0,17.0
8,318.0,145.0,4140,13.7,77,0.035024154589371984,39.75,8.32845106681936,5.762051382780177,4.976733742420574,2,1,0,0,dodge,0,0,0,1,0,0,0,0,0,0,15.5
8,302.0,130.0,4295,14.9,77,0.030267753201396973,37.75,8.365206834418355,5.71042701737487,4.867534450455582,2,1,0,0,other,0,0,0,0,0,1,0,0,0,0,15.0
6,250.0,110.0,3520,16.4,77,0.03125,41.666666666666664,8.166216268592143,5.521460917862246,4.700480365792417,2,1,0,0,chevrolet,0,1,0,0,0,0,0,0,0,0,17.5
6,231.0,105.0,3425,16.9,77,0.030656934306569343,38.5,8.138856750696325,5.442417710521793,4.653960350157523,1,1,0,0,buick,1,0,0,0,0,0,0,0,0,0,20.5
6,225.0,100.0,3630,17.7,77,0.027548209366391185,37.5,8.196987927258897,5.41610040220442,4.605170185988092,2,1,0,0,plymouth,0,0,0,0,0,0,1,0,0,0,19.0
6,250.0,98.0,3525,19.0,77,0.027801418439716313,41.666666666666664,8.16763571524637,5.521460917862246,4.584967478670572,2,1,0,0,ford,0,0,0,0,1,0,0,0,0,0,18.5
8,400.0,180.0,4220,11.1,77,0.04265402843601896,50.0,8.347590407030058,5.991464547107982,5.19295685089021,2,1,0,0,pontiac,0,0,0,0,0,0,0,1,0,0,16.0
8,350.0,170.0,4165,11.4,77,0.04081632653061224,43.75,8.334471554600944,5.857933154483459,5.135798437050262,2,1,0,0,chevrolet,0,1,0,0,0,0,0,0,0,0,15.5
8,400.0,190.0,4325,12.2,77,0.04393063583815029,50.0,8.37216741936598,5.991464547107982,5.247024072160486,2,1,0,0,other,0,0,0,0,0,1,0,0,0,0,15.5
8,351.0,149.0,4335,14.5,77,0.03437139561707036,43.875,8.374476889214643,5.860786223465865,5.003946305945459,2,1,0,0,ford,0,0,0,0,1,0,0,0,0,0,16.0
4,97.0,78.0,1940,14.5,77,0.04020618556701031,24.25,7.570443252057374,4.574710978503383,4.356708826689592,0,1,1,0,volkswagen,0,0,0,0,0,0,0,0,0,1,29.0
4,151.0,88.0,2740,16.0,77,0.032116788321167884,37.75,7.9157131993821155,5.017279836814924,4.477336814478207,1,1,0,0,pontiac,0,0,0,0,0,0,0,1,0,0,24.5
4,97.0,75.0,2265,18.2,77,0.033112582781456956,24.25,7.725330037917135,4.574710978503383,4.31748811353631,0,1,0,1,toyota,0,0,0,0,0,0,0,0,1,0,26.0
4,140.0,89.0,2755,15.8,77,0.032304900181488204,35.0,7.9211727215870145,4.941642422609304,4.48863636973214,1,1,0,0,ford,0,0,0,0,1,0,0,0,0,0,25.5
4,98.0,63.0,2051,17.0,77,0.030716723549488054,24.5,7.62608275807238,4.584967478670572,4.143134726391533,0,1,0,0,chevrolet,0,1,0,0,0,0,0,0,0,0,30.5
4,98.0,83.0,2075,15.9,77,0.04,24.5,7.637716432664798,4.584967478670572,4.418840607796598,0,1,0,0,dodge,0,0,0,1,0,0,0,0,0,0,33.5
4,97.0,67.0,1985,16.4,77,0.033753148614609575,24.25,7.59337419312129,4.574710978503383,4.204692619390966,0,1,0,1,other,0,0,0,0,0,1,0,0,0,0,30.0
4,97.0,78.0,2190,14.1,77,0.03561643835616438,24.25,7.691656822810547,4.574710978503383,4.356708826689592,0,1,1,0,volkswagen,0,0,0,0,0,0,0,0,0,1,30.5
6,146.0,97.0,2815,14.5,77,0.034458259325044406,24.333333333333332,7.942717540573791,4.983606621708336,4.574710978503383,1,1,0,1,datsun,0,0,1,0,0,0,0,0,0,0,22.0
4,121.0,110.0,2600,12.8,77,0.04230769230769231,30.25,7.8632667240095735,4.795790545596741,4.700480365792417,1,1,1,0,other,0,0,0,0,0,1,0,0,0,0,21.5
3,80.0,110.0,2720,13.5,77,0.04044117647058824,26.666666666666668,7.908387159290043,4.382026634673881,4.700480365792417,1,1,0,1,other,0,0,0,0,0,1,0,0,0,0,21.5
4,90.0,48.0,1985,21.5,78,0.024181360201511334,22.5,7.59337419312129,4.499809670330265,3.871201010907891,0,1,1,0,volkswagen,0,0,0,0,0,0,0,0,0,1,43.1
4,98.0,66.0,1800,14.4,78,0.03666666666666667,24.5,7.495541943884256,4.584967478670572,4.189654742026425,0,1,0,0,ford,0,0,0,0,1,0,0,0,0,0,36.1
4,78.0,52.0,1985,19.4,78,0.02619647355163728,19.5,7.59337419312129,4.356708826689592,3.9512437185814275,0,1,0,1,other,0,0,0,0,0,1,0,0,0,0,32.8
4,85.0,70.0,2070,18.6,78,0.033816425120772944,21.25,7.635303886259415,4.442651256490317,4.248495242049359,0,1,0,1,datsun,0,0,1,0,0,0,0,0,0,0,39.4
4,91.0,60.0,1800,16.4,78,0.03333333333333333,22.75,7.495541943884256,4.51085950651685,4.0943445622221,0,1,0,1,other,0,0,0,0,0,1,0,0,0,0,36.1
8,260.0,110.0,3365,15.5,78,0.03268945022288262,32.5,8.121183242078828,5.560681631015528,4.700480365792417,1,1,0,0,other,0,0,0,0,0,1,0,0,0,0,19.9
8,318.0,140.0,3735,13.2,78,0.03748326639892905,39.75,8.225503097566918,5.762051382780177,4.941642422609304,2,1,0,0,dodge,0,0,0,1,0,0,0,0,0,0,19.4
8,302.0,139.0,3570,12.8,78,0.03893557422969188,37.75,8.180320874773685,5.71042701737487,4.9344739331306915,2,1,0,0,other,0,0,0,0,0,1,0,0,0,0,20.2
6,231.0,105.0,3535,19.2,78,0.0297029702970297,38.5,8.170468578330674,5.442417710521793,4.653960350157523,2,1,0,0,pontiac,0,0,0,0,0,0,0,1,0,0,19.2
6,200.0,95.0,3155,18.2,78,0.030110935023771792,33.333333333333336,8.056743774975313,5.298317366548036,4.553876891600541,1,1,0,0,chevrolet,0,1,0,0,0,0,0,0,0,0,20.5
6,200.0,85.0,2965,15.8,78,0.02866779089376054,33.333333333333336,7.994632311431825,5.298317366548036,4.442651256490317,1,1,0,0,ford,0,0,0,0,1,0,0,0,0,0,20.2
4,140.0,88.0,2720,15.4,78,0.03235294117647059,35.0,7.908387159290043,4.941642422609304,4.477336814478207,1,1,0,0,ford,0,0,0,0,1,0,0,0,0,0,25.1
6,225.0,100.0,3430,17.2,78,0.029154518950437316,37.5,8.140315540159985,5.41610040220442,4.605170185988092,1,1,0,0,plymouth,0,0,0,0,0,0,1,0,0,0,20.5
6,232.0,90.0,3210,17.2,78,0.028037383177570093,38.666666666666664,8.07402621612406,5.44673737166631,4.499809670330265,1,1,0,0,amc,0,0,0,0,0,0,0,0,0,0,19.4
6,231.0,105.0,3380,15.8,78,0.03106508875739645,38.5,8.125630988477065,5.442417710521793,4.653960350157523,1,1,0,0,buick,1,0,0,0,0,0,0,0,0,0,20.6
6,200.0,85.0,3070,16.7,78,0.02768729641693811,33.333333333333336,8.029432840581244,5.298317366548036,4.442651256490317,1,1,0,0,other,0,0,0,0,0,1,0,0,0,0,20.8
6,225.0,110.0,3620,18.7,78,0.03038674033149171,37.5,8.194229304819817,5.41610040220442,4.700480365792417,2,1,0,0,dodge,0,0,0,1,0,0,0,0,0,0,18.6
6,258.0,120.0,3410,15.1,78,0.03519061583577713,43.0,8.134467570277563,5.552959584921617,4.787491742782046,1,1,0,0,amc,0,0,0,0,0,0,0,0,0,0,18.1
8,305.0,145.0,3425,13.2,78,0.042335766423357665,38.125,8.138856750696325,5.720311776607412,4.976733742420574,1,1,0,0,chevrolet,0,1,0,0,0,0,0,0,0,0,19.2
6,231.0,165.0,3445,13.4,78,0.047895500725689405,38.5,8.144679183447758,5.442417710521793,5.10594547390058,1,1,0,0,buick,1,0,0,0,0,0,0,0,0,0,17.7
8,302.0,139.0,3205,11.2,78,0.04336973478939157,37.75,8.07246736935477,5.71042701737487,4.9344739331306915,1,1,0,0,ford,0,0,0,0,1,0,0,0,0,0,18.1
8,318.0,140.0,4080,13.7,78,0.03431372549019608,39.75,8.313852267398207,5.762051382780177,4.941642422609304,2,1,0,0,dodge,0,0,0,1,0,0,0,0,0,0,17.5
4,98.0,68.0,2155,16.5,78,0.03155452436194896,24.5,7.675546002537848,4.584967478670572,4.219507705176107,0,1,0,0,chevrolet,0,1,0,0,0,0,0,0,0,0,30.0
4,134.0,95.0,2560,14.2,78,0.037109375,33.5,7.847762537473608,4.897839799950911,4.553876891600541,1,1,0,1,toyota,0,0,0,0,0,0,0,0,1,0,27.5
4,119.0,97.0,2300,14.7,78,0.04217391304347826,29.75,7.7406644019172415,4.77912349311153,4.574710978503383,0,1,0,1,datsun,0,0,1,0,0,0,0,0,0,0,27.2
4,105.0,75.0,2230,14.5,78,0.033632286995515695,26.25,7.709756864454165,4.653960350157523,4.31748811353631,0,1,0,0,dodge,0,0,0,1,0,0,0,0,0,0,30.9
4,134.0,95.0,2515,14.8,78,0.03777335984095427,33.5,7.83002808253384,4.897839799950911,4.553876891600541,1,1,0,1,toyota,0,0,0,0,0,0,0,0,1,0,21.1
4,156.0,105.0,2745,16.7,78,0.03825136612021858,39.0,7.917536353943631,5.049856007249537,4.653960350157523,1,1,0,0,plymouth,0,0,0,0,0,0,1,0,0,0,23.2
4,151.0,85.0,2855,17.6,78,0.0297723292469352,37.75,7.956827122090111,5.017279836814924,4.442651256490317,1,1,0,0,other,0,0,0,0,0,1,0,0,0,0,23.8
4,119.0,97.0,2405,14.9,78,0.040332640332640335,29.75,7.785305182539862,4.77912349311153,4.574710978503383,0,1,0,1,datsun,0,0,1,0,0,0,0,0,0,0,23.9
5,131.0,103.0,2830,15.9,78,0.036395759717314485,26.2,7.948031990637284,4.875197323201151,4.634728988229636,1,1,1,0,other,0,0,0,0,0,1,0,0,0,0,20.3
6,163.0,125.0,3140,13.6,78,0.03980891719745223,27.166666666666668,8.0519780789023,5.093750200806762,4.8283137373023015,1,1,1,0,other,0,0,0,0,0,1,0,0,0,0,17.0
4,121.0,115.0,2795,15.7,78,0.04114490161001789,30.25,7.9355873855892,4.795790545596741,4.74493212836325,1,1,1,0,other,0,0,0,0,0,1,0,0,0,0,21.6
6,163.0,133.0,3410,15.8,78,0.03900293255131965,27.166666666666668,8.134467570277563,5.093750200806762,4.890349128221754,1,1,1,0,other,0,0,0,0,0,1,0,0,0,0,16.2
4,89.0,71.0,1990,14.9,78,0.035678391959798994,22.25,7.595889917718538,4.48863636973214,4.2626798770413155,0,1,1,0,volkswagen,0,0,0,0,0,0,0,0,0,1,31.5
4,98.0,68.0,2135,16.6,78,0.03185011709601874,24.5,7.666221925662725,4.584967478670572,4.219507705176107,0,1,0,1,other,0,0,0,0,0,1,0,0,0,0,29.5
6,231.0,115.0,3245,15.4,79,0.03543913713405239,38.5,8.08487062913819,5.442417710521793,4.74493212836325,1,2,0,0,pontiac,0,0,0,0,0,0,0,1,0,0,21.5
6,200.0,85.0,2990,18.2,79,0.028428093645484948,33.333333333333336,8.003028666384733,5.298317366548036,4.442651256490317,1,2,0,0,other,0,0,0,0,0,1,0,0,0,0,19.8
4,140.0,88.0,2890,17.3,79,0.03044982698961938,35.0,7.969011781106478,4.941642422609304,4.477336814478207,1,2,0,0,ford,0,0,0,0,1,0,0,0,0,0,22.3
6,232.0,90.0,3265,18.2,79,0.027565084226646247,38.666666666666664,8.09101504171053,5.44673737166631,4.499809670330265,1,2,0,0,amc,0,0,0,0,0,0,0,0,0,0,20.2
6,225.0,110.0,3360,16.6,79,0.03273809523809524,37.5,8.11969625295725,5.41610040220442,4.700480365792417,1,2,0,0,dodge,0,0,0,1,0,0,0,0,0,0,20.6
8,305.0,130.0,3840,15.4,79,0.033854166666666664,38.125,8.253227645581772,5.720311776607412,4.867534450455582,2,2,0,0,chevrolet,0,1,0,0,0,0,0,0,0,0,17.0
8,302.0,129.0,3725,13.4,79,0.03463087248322148,37.75,8.22282213081366,5.71042701737487,4.859812404361672,2,2,0,0,ford,0,0,0,0,1,0,0,0,0,0,17.6
8,351.0,138.0,3955,13.2,79,0.03489254108723135,43.875,8.282735880201754,5.860786223465865,4.927253685157205,2,2,0,0,other,0,0,0,0,0,1,0,0,0,0,16.5
8,318.0,135.0,3830,15.2,79,0.03524804177545692,39.75,8.250620082174692,5.762051382780177,4.90527477843843,2,2,0,0,dodge,0,0,0,1,0,0,0,0,0,0,18.2
8,350.0,155.0,4360,14.9,79,0.03555045871559633,43.75,8.38022733634308,5.857933154483459,5.043425116919247,2,2,0,0,buick,1,0,0,0,0,0,0,0,0,0,16.9
8,351.0,142.0,4054,14.3,79,0.03502713369511593,43.875,8.307459327011946,5.860786223465865,4.955827057601261,2,2,0,0,ford,0,0,0,0,1,0,0,0,0,0,15.5
8,267.0,125.0,3605,15.0,79,0.03467406380027739,33.375,8.190077049719049,5.58724865840025,4.8283137373023015,2,2,0,0,chevrolet,0,1,0,0,0,0,0,0,0,0,19.2
8,360.0,150.0,3940,13.0,79,0.03807106598984772,45.0,8.27893600229198,5.886104031450156,5.0106352940962555,2,2,0,0,other,0,0,0,0,0,1,0,0,0,0,18.5
4,89.0,71.0,1925,14.0,79,0.036883116883116886,22.25,7.562681246721884,4.48863636973214,4.2626798770413155,0,2,1,0,volkswagen,0,0,0,0,0,0,0,0,0,1,31.9
4,86.0,65.0,1975,15.2,79,0.03291139240506329,21.5,7.5883236773352225,4.454347296253507,4.174387269895637,0,2,0,1,other,0,0,0,0,0,1,0,0,0,0,34.1
4,98.0,80.0,1915,14.4,79,0.04177545691906005,24.5,7.557472901614746,4.584967478670572,4.382026634673881,0,2,0,0,dodge,0,0,0,1,0,0,0,0,0,0,35.7
4,121.0,80.0,2670,15.0,79,0.0299625468164794,30.25,7.8898337513942955,4.795790545596741,4.382026634673881,1,2,0,0,amc,0,0,0,0,0,0,0,0,0,0,27.4
5,183.0,77.0,3530,20.1,79,0.02181303116147309,36.6,8.169053149927343,5.209486152841421,4.343805421853684,2,2,1,0,other,0,0,0,0,0,1,0,0,0,0,25.4
8,350.0,125.0,3900,17.4,79,0.03205128205128205,43.75,8.268731832117737,5.857933154483459,4.8283137373023015,2,2,0,0,other,0,0,0,0,0,1,0,0,0,0,23.0
4,141.0,71.0,3190,24.8,79,0.02225705329153605,35.25,8.06777619577889,4.948759890378168,4.2626798770413155,1,2,1,0,other,0,0,0,0,0,1,0,0,0,0,27.2
8,260.0,90.0,3420,22.2,79,0.02631578947368421,32.5,8.13739583005665,5.560681631015528,4.499809670330265,1,2,0,0,other,0,0,0,0,0,1,0,0,0,0,23.9
4,105.0,70.0,2200,13.2,79,0.031818181818181815,26.25,7.696212639346407,4.653960350157523,4.248495242049359,0,2,0,0,plymouth,0,0,0,0,0,0,1,0,0,0,34.2
4,105.0,70.0,2150,14.9,79,0.03255813953488372,26.25,7.673223121121708,4.653960350157523,4.248495242049359,0,2,0,0,plymouth,0,0,0,0,0,0,1,0,0,0,34.5
4,85.0,65.0,2020,19.2,79,0.03217821782178218,21.25,7.61085279039525,4.442651256490317,4.174387269895637,0,2,0,1,datsun,0,0,1,0,0,0,0,0,0,0,31.8
4,91.0,69.0,2130,14.7,79,0.0323943661971831,22.75,7.6638772587034705,4.51085950651685,4.23410650459726,0,2,1,0,other,0,0,0,0,0,1,0,0,0,0,37.3
4,151.0,90.0,2670,16.0,79,0.033707865168539325,37.75,7.8898337513942955,5.017279836814924,4.499809670330265,1,2,0,0,buick,1,0,0,0,0,0,0,0,0,0,28.4
6,173.0,115.0,2595,11.3,79,0.04431599229287091,28.833333333333332,7.861341795599989,5.153291594497779,4.74493212836325,1,2,0,0,chevrolet,0,1,0,0,0,0,0,0,0,0,28.8
6,173.0,115.0,2700,12.9,79,0.04259259259259259,28.833333333333332,7.90100705199242,5.153291594497779,4.74493212836325,1,2,0,0,other,0,0,0,0,0,1,0,0,0,0,26.8
4,151.0,90.0,2556,13.2,79,0.035211267605633804,37.75,7.846198815497425,5.017279836814924,4.499809670330265,1,2,0,0,pontiac,0,0,0,0,0,0,0,1,0,0,33.5
4,98.0,76.0,2144,14.7,80,0.03544776119402985,24.5,7.670428522190693,4.584967478670572,4.330733340286331,0,2,1,0,volkswagen,0,0,0,0,0,0,0,0,0,1,41.5
4,89.0,60.0,1968,18.8,80,0.03048780487804878,22.25,7.584773077612199,4.48863636973214,4.0943445622221,0,2,0,1,toyota,0,0,0,0,0,0,0,0,1,0,38.1
4,98.0,70.0,2120,15.5,80,0.0330188679245283,24.5,7.659171367666058,4.584967478670572,4.248495242049359,0,2,0,0,chevrolet,0,1,0,0,0,0,0,0,0,0,32.1
4,86.0,65.0,2019,16.4,80,0.032194155522535906,21.5,7.610357618312838,4.454347296253507,4.174387269895637,0,2,0,1,datsun,0,0,1,0,0,0,0,0,0,0,37.2
4,151.0,90.0,2678,16.5,80,0.033607169529499624,37.75,7.8928255262511176,5.017279836814924,4.499809670330265,1,2,0,0,chevrolet,0,1,0,0,0,0,0,0,0,0,28.0
4,140.0,88.0,2870,18.1,80,0.030662020905923345,35.0,7.962067308753666,4.941642422609304,4.477336814478207,1,2,0,0,ford,0,0,0,0,1,0,0,0,0,0,26.4
4,151.0,90.0,3003,20.1,80,0.029970029970029972,37.75,8.00736706798333,5.017279836814924,4.499809670330265,1,2,0,0,amc,0,0,0,0,0,0,0,0,0,0,24.3
6,225.0,90.0,3381,18.7,80,0.026619343389529725,37.5,8.125926802707886,5.41610040220442,4.499809670330265,1,2,0,0,dodge,0,0,0,1,0,0,0,0,0,0,19.1
4,97.0,78.0,2188,15.8,80,0.0356489945155393,24.25,7.690743163541872,4.574710978503383,4.356708826689592,0,2,1,0,other,0,0,0,0,0,1,0,0,0,0,34.3
4,134.0,90.0,2711,15.5,80,0.033198081888601995,33.5,7.905072849498666,4.897839799950911,4.499809670330265,1,2,0,1,toyota,0,0,0,0,0,0,0,0,1,0,29.8
4,120.0,75.0,2542,17.5,80,0.029504327301337528,30.0,7.8407064517494,4.787491742782046,4.31748811353631,1,2,0,1,other,0,0,0,0,0,1,0,0,0,0,31.3
4,119.0,92.0,2434,15.0,80,0.03779786359901397,29.75,7.797291273547472,4.77912349311153,4.5217885770490405,0,2,0,1,datsun,0,0,1,0,0,0,0,0,0,0,37.0
4,108.0,75.0,2265,15.2,80,0.033112582781456956,27.0,7.725330037917135,4.68213122712422,4.31748811353631,0,2,0,1,toyota,0,0,0,0,0,0,0,0,1,0,32.2
4,86.0,65.0,2110,17.9,80,0.030805687203791468,21.5,7.6544432264701125,4.454347296253507,4.174387269895637,0,2,0,1,other,0,0,0,0,0,1,0,0,0,0,46.6
4,156.0,105.0,2800,14.4,80,0.0375,39.0,7.937374696163295,5.049856007249537,4.653960350157523,1,2,0,0,dodge,0,0,0,1,0,0,0,0,0,0,27.9
4,85.0,65.0,2110,19.2,80,0.030805687203791468,21.25,7.6544432264701125,4.442651256490317,4.174387269895637,0,2,0,1,datsun,0,0,1,0,0,0,0,0,0,0,40.8
4,90.0,48.0,2085,21.7,80,0.02302158273381295,22.5,7.642524134232902,4.499809670330265,3.871201010907891,0,2,1,0,volkswagen,0,0,0,0,0,0,0,0,0,1,44.3
4,90.0,48.0,2335,23.7,80,0.020556745182012847,22.5,7.755767170102998,4.499809670330265,3.871201010907891,0,2,1,0,volkswagen,0,0,0,0,0,0,0,0,0,1,43.4
5,121.0,67.0,2950,19.9,80,0.02271186440677966,24.2,7.989560449333865,4.795790545596741,4.204692619390966,1,2,1,0,other,0,0,0,0,0,1,0,0,0,0,36.4
4,146.0,67.0,3250,21.8,80,0.020615384615384615,36.5,8.086410275323782,4.983606621708336,4.204692619390966,1,2,1,0,other,0,0,0,0,0,1,0,0,0,0,30.0
4,91.0,67.0,1850,13.8,80,0.036216216216216214,22.75,7.52294091807237,4.51085950651685,4.204692619390966,0,2,0,1,other,0,0,0,0,0,1,0,0,0,0,44.6
4,85.0,93.5,1835,17.3,80,0.050953678474114444,21.25,7.51479976048867,4.442651256490317,4.537961436294641,0,2,1,0,other,0,0,0,0,0,1,0,0,0,0,40.9
4,97.0,67.0,2145,18.0,80,0.031235431235431235,24.25,7.6708948313621175,4.574710978503383,4.204692619390966,0,2,0,1,other,0,0,0,0,0,1,0,0,0,0,33.8
4,89.0,62.0,1845,15.3,80,0.03360433604336043,22.25,7.520234556474628,4.48863636973214,4.127134385045092,0,2,1,0,volkswagen,0,0,0,0,0,0,0,0,0,1,29.8
6,168.0,132.0,2910,11.4,80,0.04536082474226804,28.0,7.975908360165538,5.123963979403259,4.882801922586371,1,2,0,1,datsun,0,0,1,0,0,0,0,0,0,0,32.7
3,70.0,100.0,2420,12.5,80,0.04132231404958678,23.333333333333332,7.791522819150732,4.248495242049359,4.605170185988092,0,2,0,1,other,0,0,0,0,0,1,0,0,0,0,23.7
4,122.0,88.0,2500,15.1,80,0.0352,30.5,7.824046010856292,4.804021044733257,4.477336814478207,0,2,1,0,other,0,0,0,0,0,1,0,0,0,0,35.0
4,140.0,93.5,2905,14.3,80,0.032185886402753876,35.0,7.974188669286011,4.941642422609304,4.537961436294641,1,2,0,0,ford,0,0,0,0,1,0,0,0,0,0,23.6
4,107.0,72.0,2290,17.0,80,0.0314410480349345,26.75,7.736307096548285,4.672828834461906,4.276666119016055,0,2,0,1,other,0,0,0,0,0,1,0,0,0,0,32.4
4,135.0,84.0,2490,15.7,81,0.033734939759036145,33.75,7.820037989458753,4.90527477843843,4.430816798843313,0,2,0,0,plymouth,0,0,0,0,0,0,1,0,0,0,27.2
4,151.0,84.0,2635,16.4,81,0.031878557874762806,37.75,7.876638460975463,5.017279836814924,4.430816798843313,1,2,0,0,buick,1,0,0,0,0,0,0,0,0,0,26.6
4,156.0,92.0,2620,14.4,81,0.035114503816793895,39.0,7.8709295967551425,5.049856007249537,4.5217885770490405,1,2,0,0,dodge,0,0,0,1,0,0,0,0,0,0,25.8
6,173.0,110.0,2725,12.6,81,0.04036697247706422,28.833333333333332,7.9102237070973445,5.153291594497779,4.700480365792417,1,2,0,0,chevrolet,0,1,0,0,0,0,0,0,0,0,23.5
4,135.0,84.0,2385,12.9,81,0.03522012578616352,33.75,7.776954403322442,4.90527477843843,4.430816798843313,0,2,0,0,plymouth,0,0,0,0,0,0,1,0,0,0,30.0
4,79.0,58.0,1755,16.9,81,0.03304843304843305,19.75,7.470224135899966,4.3694478524670215,4.060443010546419,0,2,0,1,toyota,0,0,0,0,0,0,0,0,1,0,39.1
4,86.0,64.0,1875,16.4,81,0.034133333333333335,21.5,7.536363938404511,4.454347296253507,4.1588830833596715,0,2,0,0,plymouth,0,0,0,0,0,0,1,0,0,0,39.0
4,81.0,60.0,1760,16.1,81,0.03409090909090909,20.25,7.473069088032197,4.394449154672439,4.0943445622221,0,2,0,1,other,0,0,0,0,0,1,0,0,0,0,35.1
4,97.0,67.0,2065,17.8,81,0.0324455205811138,24.25,7.632885505395133,4.574710978503383,4.204692619390966,0,2,0,1,other,0,0,0,0,0,1,0,0,0,0,32.3
4,85.0,65.0,1975,19.4,81,0.03291139240506329,21.25,7.5883236773352225,4.442651256490317,4.174387269895637,0,2,0,1,datsun,0,0,1,0,0,0,0,0,0,0,37.0
4,89.0,62.0,2050,17.3,81,0.03024390243902439,22.25,7.6255950721324535,4.48863636973214,4.127134385045092,0,2,0,1,toyota,0,0,0,0,0,0,0,0,1,0,37.7
4,91.0,68.0,1985,16.0,81,0.03425692695214106,22.75,7.59337419312129,4.51085950651685,4.219507705176107,0,2,0,1,other,0,0,0,0,0,1,0,0,0,0,34.1
4,105.0,63.0,2215,14.9,81,0.028442437923250564,26.25,7.703007682479236,4.653960350157523,4.143134726391533,0,2,0,0,plymouth,0,0,0,0,0,0,1,0,0,0,34.7
4,98.0,65.0,2045,16.2,81,0.03178484107579462,24.5,7.623153068476902,4.584967478670572,4.174387269895637,0,2,0,0,ford,0,0,0,0,1,0,0,0,0,0,34.4
4,98.0,65.0,2380,20.7,81,0.0273109243697479,24.5,7.77485576666552,4.584967478670572,4.174387269895637,0,2,0,0,ford,0,0,0,0,1,0,0,0,0,0,29.9
4,105.0,74.0,2190,14.2,81,0.033789954337899546,26.25,7.691656822810547,4.653960350157523,4.30406509320417,0,2,1,0,volkswagen,0,0,0,0,0,0,0,0,0,1,33.0
4,100.0,93.5,2320,15.8,81,0.04030172413793103,25.0,7.749322464660356,4.605170185988092,4.537961436294641,0,2,1,0,other,0,0,0,0,0,1,0,0,0,0,34.5
4,107.0,75.0,2210,14.4,81,0.033936651583710405,26.75,7.700747794511798,4.672828834461906,4.31748811353631,0,2,0,1,other,0,0,0,0,0,1,0,0,0,0,33.7
4,108.0,75.0,2350,16.8,81,0.031914893617021274,27.0,7.762170607138205,4.68213122712422,4.31748811353631,0,2,0,1,toyota,0,0,0,0,0,0,0,0,1,0,32.4
4,119.0,100.0,2615,14.8,81,0.03824091778202677,29.75,7.869019376499023,4.77912349311153,4.605170185988092,1,2,0,1,datsun,0,0,1,0,0,0,0,0,0,0,32.9
4,120.0,74.0,2635,18.3,81,0.02808349146110057,30.0,7.876638460975463,4.787491742782046,4.30406509320417,1,2,0,1,other,0,0,0,0,0,1,0,0,0,0,31.6
4,141.0,80.0,3230,20.4,81,0.02476780185758514,35.25,8.080237416216702,4.948759890378168,4.382026634673881,1,2,1,0,other,0,0,0,0,0,1,0,0,0,0,28.1
6,145.0,76.0,3160,19.6,81,0.024050632911392405,24.166666666666668,8.058327306580958,4.976733742420574,4.330733340286331,1,2,1,0,other,0,0,0,0,0,1,0,0,0,0,30.7
6,168.0,116.0,2900,12.6,81,0.04,28.0,7.9724660159745655,5.123963979403259,4.7535901911063645,1,2,0,1,toyota,0,0,0,0,0,0,0,0,1,0,25.4
6,146.0,120.0,2930,13.8,81,0.040955631399317405,24.333333333333332,7.982757702011113,4.983606621708336,4.787491742782046,1,2,0,1,datsun,0,0,1,0,0,0,0,0,0,0,24.2
6,231.0,110.0,3415,15.8,81,0.032210834553440704,38.5,8.13593277200489,5.442417710521793,4.700480365792417,1,2,0,0,buick,1,0,0,0,0,0,0,0,0,0,22.4
8,350.0,105.0,3725,19.0,81,0.028187919463087248,43.75,8.22282213081366,5.857933154483459,4.653960350157523,2,2,0,0,other,0,0,0,0,0,1,0,0,0,0,26.6
6,200.0,88.0,3060,17.1,81,0.02875816993464052,33.333333333333336,8.026170194946426,5.298317366548036,4.477336814478207,1,2,0,0,ford,0,0,0,0,1,0,0,0,0,0,20.2
6,225.0,85.0,3465,16.6,81,0.024531024531024532,37.5,8.150467911624004,5.41610040220442,4.442651256490317,1,2,0,0,other,0,0,0,0,0,1,0,0,0,0,17.6
4,112.0,88.0,2605,19.6,82,0.03378119001919386,28.0,7.865187954187467,4.718498871295094,4.477336814478207,1,2,0,0,chevrolet,0,1,0,0,0,0,0,0,0,0,28.0
4,112.0,88.0,2640,18.6,82,0.03333333333333333,28.0,7.878534196140362,4.718498871295094,4.477336814478207,1,2,0,0,chevrolet,0,1,0,0,0,0,0,0,0,0,27.0
4,112.0,88.0,2395,18.0,82,0.03674321503131524,28.0,7.781138509845015,4.718498871295094,4.477336814478207,0,2,0,0,chevrolet,0,1,0,0,0,0,0,0,0,0,34.0
4,112.0,85.0,2575,16.2,82,0.03300970873786408,28.0,7.853604813097837,4.718498871295094,4.442651256490317,1,2,0,0,pontiac,0,0,0,0,0,0,0,1,0,0,31.0
4,135.0,84.0,2525,16.0,82,0.03326732673267327,33.75,7.83399634170946,4.90527477843843,4.430816798843313,1,2,0,0,dodge,0,0,0,1,0,0,0,0,0,0,29.0
4,151.0,90.0,2735,18.0,82,0.03290676416819013,37.75,7.913886714856082,5.017279836814924,4.499809670330265,1,2,0,0,pontiac,0,0,0,0,0,0,0,1,0,0,27.0
4,140.0,92.0,2865,16.4,82,0.03211169284467714,35.0,7.9603236291488395,4.941642422609304,4.5217885770490405,1,2,0,0,ford,0,0,0,0,1,0,0,0,0,0,24.0
4,151.0,93.5,3035,20.5,82,0.030807248764415155,37.75,8.017966703493599,5.017279836814924,4.537961436294641,1,2,0,0,amc,0,0,0,0,0,0,0,0,0,0,23.0
4,105.0,74.0,1980,15.3,82,0.03737373737373737,26.25,7.590852123688581,4.653960350157523,4.30406509320417,0,2,1,0,volkswagen,0,0,0,0,0,0,0,0,0,1,36.0
4,91.0,68.0,2025,18.2,82,0.03358024691358025,22.75,7.613324979540639,4.51085950651685,4.219507705176107,0,2,0,1,other,0,0,0,0,0,1,0,0,0,0,37.0
4,91.0,68.0,1970,17.6,82,0.03451776649746193,22.75,7.585788821732034,4.51085950651685,4.219507705176107,0,2,0,1,other,0,0,0,0,0,1,0,0,0,0,31.0
4,105.0,63.0,2125,14.7,82,0.029647058823529412,26.25,7.661527081358517,4.653960350157523,4.143134726391533,0,2,0,0,plymouth,0,0,0,0,0,0,1,0,0,0,38.0
4,98.0,70.0,2125,17.3,82,0.03294117647058824,24.5,7.661527081358517,4.584967478670572,4.248495242049359,0,2,0,0,other,0,0,0,0,0,1,0,0,0,0,36.0
4,120.0,88.0,2160,14.5,82,0.040740740740740744,30.0,7.67786350067821,4.787491742782046,4.477336814478207,0,2,0,1,other,0,0,0,0,0,1,0,0,0,0,36.0
4,107.0,75.0,2205,14.5,82,0.034013605442176874,26.75,7.6984827878809465,4.672828834461906,4.31748811353631,0,2,0,1,other,0,0,0,0,0,1,0,0,0,0,36.0
4,108.0,70.0,2245,16.9,82,0.031180400890868598,27.0,7.716460800176355,4.68213122712422,4.248495242049359,0,2,0,1,toyota,0,0,0,0,0,0,0,0,1,0,34.0
4,91.0,67.0,1965,15.0,82,0.03409669211195929,22.75,7.583247524303362,4.51085950651685,4.204692619390966,0,2,0,1,other,0,0,0,0,0,1,0,0,0,0,38.0
4,91.0,67.0,1965,15.7,82,0.03409669211195929,22.75,7.583247524303362,4.51085950651685,4.204692619390966,0,2,0,1,other,0,0,0,0,0,1,0,0,0,0,32.0
4,91.0,67.0,1995,16.2,82,0.033583959899749376,22.75,7.598399329323964,4.51085950651685,4.204692619390966,0,2,0,1,datsun,0,0,1,0,0,0,0,0,0,0,38.0
6,181.0,110.0,2945,16.4,82,0.03735144312393888,30.166666666666668,7.987864096085687,5.198497031265826,4.700480365792417,1,2,0,0,buick,1,0,0,0,0,0,0,0,0,0,25.0
6,262.0,85.0,3015,17.0,82,0.028192371475953566,43.666666666666664,8.011355109161286,5.568344503761097,4.442651256490317,1,2,0,0,other,0,0,0,0,0,1,0,0,0,0,38.0
4,156.0,92.0,2585,14.5,82,0.035589941972920695,39.0,7.85748078694253,5.049856007249537,4.5217885770490405,1,2,0,0,other,0,0,0,0,0,1,0,0,0,0,26.0
6,232.0,112.0,2835,14.7,82,0.03950617283950617,38.666666666666664,7.949797216161852,5.44673737166631,4.718498871295094,1,2,0,0,ford,0,0,0,0,1,0,0,0,0,0,22.0
4,144.0,96.0,2665,13.9,82,0.03602251407129456,36.0,7.887959336599945,4.969813299576001,4.564348191467836,1,2,0,1,toyota,0,0,0,0,0,0,0,0,1,0,32.0
4,135.0,84.0,2370,13.0,82,0.035443037974683546,33.75,7.7706452341291765,4.90527477843843,4.430816798843313,0,2,0,0,dodge,0,0,0,1,0,0,0,0,0,0,36.0
4,151.0,90.0,2950,17.3,82,0.030508474576271188,37.75,7.989560449333865,5.017279836814924,4.499809670330265,1,2,0,0,chevrolet,0,1,0,0,0,0,0,0,0,0,27.0
4,140.0,86.0,2790,15.6,82,0.03082437275985663,35.0,7.933796874815411,4.941642422609304,4.454347296253507,1,2,0,0,ford,0,0,0,0,1,0,0,0,0,0,27.0
4,97.0,52.0,2130,24.6,82,0.024413145539906103,24.25,7.6638772587034705,4.574710978503383,3.9512437185814275,0,2,1,0,volkswagen,0,0,0,0,0,0,0,0,0,1,44.0
4,135.0,84.0,2295,11.6,82,0.036601307189542485,33.75,7.738488122494646,4.90527477843843,4.430816798843313,0,2,0,0,dodge,0,0,0,1,0,0,0,0,0,0,32.0
4,120.0,79.0,2625,18.6,82,0.030095238095238095,30.0,7.872836175025724,4.787491742782046,4.3694478524670215,1,2,0,0,ford,0,0,0,0,1,0,0,0,0,0,28.0
4,119.0,82.0,2720,19.4,82,0.030147058823529412,29.75,7.908387159290043,4.77912349311153,4.406719247264253,1,2,0,0,chevrolet,0,1,0,0,0,0,0,0,0,0,31.0
